{
    "train_mse":1033784451191.4415283203,
    "test_mse":1171662470552.3779296875,
    "train_rmse":1016751.9123126554,
    "test_rmse":1082433.587132429,
    "train_mae":734173.9257716649,
    "test_mae":814687.2369767793,
    "train_r2":0.7033366045,
    "test_r2":0.6663835176
}