{
    "train_mse":1049000386224.1004638672,
    "test_mse":1208193352259.3493652344,
    "train_rmse":1024207.198873402,
    "test_rmse":1099178.4897182756,
    "train_mae":742478.2817832396,
    "test_mae":828076.7355909729,
    "train_r2":0.6989701131,
    "test_r2":0.6559817982
}