{
    "learning_rate": 0.005,
    "hidden_units": 64,
    "epochs": 1500,
    "metrics": {
        "mse": 961442407815.7543,
        "rmse": 980531.6964870408,
        "mae": 734578.5801903749,
        "r2": 0.7139508056952387
    }
}