{
    "learning_rate": 0.005,
    "hidden_units": 32,
    "epochs": 1000,
    "metrics": {
        "mse": 1147987975177.4412,
        "rmse": 1071442.0073795135,
        "mae": 797856.5170906679,
        "r2": 0.6731245390935563
    }
}